{
    "Version": "2012-10-17",
    "Statement": [
        {
            "Action": [
                        "logs:CreateLogGroup",
                        "logs:CreateLogStream",
                        "logs:PutLogEvents"
                    ],
            "Resource": "arn:aws-cn:logs:%%AWS_REGION%%:%%AWS_ACCOUNT_ID%%:log-group:/aws/lambda/%%CLUSTER_ID%%*EFSAppsLambda*",
            "Effect": "Allow",
            "Sid": "CloudWatchLogsPermissions"
        },
        {
            "Action": [
                "cloudwatch:GetMetricStatistics"
            ],
            "Resource": "*",
            "Effect": "Allow",
            "Sid": "CloudWatchMetricsPermissions"
        },
        {
            "Action": [
                "elasticfilesystem:DescribeFileSystems",
                "elasticfilesystem:UpdateFileSystem"
            ],
            "Resource": "arn:aws-cn:elasticfilesystem:%%AWS_REGION%%:%%AWS_ACCOUNT_ID%%:file-system/*",
            "Effect": "Allow",
            "Sid": "EFSPermissions"
        }
    ]
}

