{
    "Version": "2012-10-17",
    "Statement": [
        {
            "Action": [
                "elasticloadbalancing:DeleteRule"
            ],
            "Resource": "arn:aws-cn:elasticloadbalancing:%%AWS_REGION%%:%%AWS_ACCOUNT_ID%%:listener-rule/app/%%CLUSTER_ID%%*/*/*",
            "Effect": "Allow"
        },
        {
            "Action": [
                "elasticloadbalancing:CreateRule"
            ],
            "Resource": "arn:aws-cn:elasticloadbalancing:%%AWS_REGION%%:%%AWS_ACCOUNT_ID%%:listener/app/%%CLUSTER_ID%%*/*/*",
            "Effect": "Allow"
        },
        {
            "Action": [
                "elasticloadbalancing:DeleteTargetGroup",
                "elasticloadbalancing:CreateTargetGroup",
                "elasticloadbalancing:RegisterTargets",
                "elasticloadbalancing:AddTags"
            ],
            "Resource": "arn:aws-cn:elasticloadbalancing:%%AWS_REGION%%:%%AWS_ACCOUNT_ID%%:targetgroup/soca*/*",
            "Effect": "Allow"
        },
      {
            "Action": [
                "pricing:GetProducts",
                "budgets:ViewBudget",
                "ec2:DescribeInstances",
                "ec2:DescribeSubnets",
                "ec2:DescribeSecurityGroups",
                "ec2:DescribeImages",
                "ec2:DescribeInstanceAttribute",
                "ec2:DescribeInstanceTypes",
                "ec2:DescribeInstanceStatus",
                "ec2:DescribeReservedInstances",
                "ec2:DescribeSpotInstanceRequests",
                "ec2:DescribeVpcClassicLink",
                "ec2:DescribeVolumes",
                "ec2:DescribePlacementGroups",
                "ec2:DescribeKeyPairs",
                "ec2:DescribeLaunchTemplates",
                "ec2:DescribeLaunchTemplateVersions",
                "ec2:DescribeNetworkInterfaces",
                "ec2:DescribeSpotFleetRequests",
                "ec2:DescribeSpotFleetInstances",
                "ec2:DescribeSpotFleetRequestHistory",
                "fsx:DescribeFileSystems",
                "iam:GetInstanceProfile",
                "autoscaling:DescribeAutoScalingGroups",
                "autoscaling:DescribeScalingActivities",
                "autoscaling:DescribeLaunchConfigurations",
                "elasticloadbalancing:DescribeRules",
                "elasticloadbalancing:DescribeListeners",
                "elasticloadbalancing:DescribeTargetGroups",
                "savingsplans:DescribeSavingsPlans",
                "servicequotas:ListServiceQuotas",
                "ssm:ListDocuments",
                "ssm:ListDocumentVersions",
                "ssm:DescribeDocument",
                "ssm:GetDocument",
                "ssm:DescribeInstanceInformation",
                "ssm:DescribeDocumentParameters",
                "ssm:DescribeInstanceProperties",
                "ssm:ListCommands",
                "ssm:GetCommandInvocation",
                "ssm:DescribeAutomationExecutions"
            ],
            "Resource": "*",
            "Effect": "Allow"
        },
       {
            "Condition": {
                "StringLikeIfExists": {
                    "autoscaling:LaunchConfigurationName": "%%CLUSTER_ID%%*"
                }
            },
            "Action": [
                "autoscaling:UpdateAutoScalingGroup",
                "autoscaling:DeleteAutoScalingGroup",
                "autoscaling:CreateAutoScalingGroup",
                "autoscaling:DetachInstances",
                "ec2:DeleteLaunchTemplate",
                "ec2:CreateLaunchTemplate",
                "fsx:CreateDataRepositoryTask"
            ],
            "Resource": "*",
            "Effect": "Allow"
        },
        {
            "Action": [
                "ec2:CreateTags"
            ],
            "Resource": [
                "arn:aws-cn:ec2:*:%%AWS_ACCOUNT_ID%%:volume/*",
                "arn:aws-cn:ec2:*:%%AWS_ACCOUNT_ID%%:network-interface/*",
                "arn:aws-cn:ec2:*:%%AWS_ACCOUNT_ID%%:instance/*"
            ],
            "Effect": "Allow"
        },
        {
            "Action": [
                "cloudformation:CreateStack",
                "cloudformation:DeleteStack",
                "cloudformation:DescribeStackResources",
                "cloudformation:DescribeStacks",
                "cloudformation:ListStacks"
            ],
            "Resource": "*",
            "Effect": "Allow"
        },
        {
            "Condition": {
                "ForAllValues:ArnEqualsIfExists": {
                    "ec2:Vpc": "arn:aws-cn:ec2:%%AWS_REGION%%:*:vpc/%%VPC_ID%%"
                }
            },
            "Action": [
                "ec2:RunInstances",
                "ec2:StopInstances",
                "ec2:StartInstances",
                "ec2:TerminateInstances",
                "ec2:CreatePlacementGroup",
                "ec2:DeletePlacementGroup",
                "ec2:ModifyInstanceAttribute"
            ],
            "Resource": [
                "arn:aws-cn:ec2:*:*:subnet/*",
                "arn:aws-cn:ec2:*:%%AWS_ACCOUNT_ID%%:key-pair/*",
                "arn:aws-cn:ec2:*:%%AWS_ACCOUNT_ID%%:instance/*",
                "arn:aws-cn:ec2:*::snapshot/*",
                "arn:aws-cn:ec2:*:%%AWS_ACCOUNT_ID%%:launch-template/*",
                "arn:aws-cn:ec2:*:%%AWS_ACCOUNT_ID%%:volume/*",
                "arn:aws-cn:ec2:*:%%AWS_ACCOUNT_ID%%:security-group/*",
                "arn:aws-cn:ec2:*:%%AWS_ACCOUNT_ID%%:placement-group/*",
                "arn:aws-cn:ec2:*:%%AWS_ACCOUNT_ID%%:network-interface/*",
                "arn:aws-cn:ec2:*::image/*"
            ],
            "Effect": "Allow"
        },
        {
            "Action": [
                "ssm:SendCommand"
            ],
            "Resource": [
                "arn:aws-cn:ec2:%%AWS_REGION%%:%%AWS_ACCOUNT_ID%%:instance/*",
                "arn:aws-cn:ssm:%%AWS_REGION%%::document/AWS-RunPowerShellScript",
                "arn:aws-cn:ssm:%%AWS_REGION%%::document/AWS-RunShellScript"
            ],
            "Effect": "Allow"
        },
        {
            "Action": [
                "ssm:StartAutomationExecution"
            ],
            "Resource": [
                "arn:aws-cn:ssm::::automation-definition/"
            ],
            "Effect": "Allow"
        },
        {
            "Action": [
                "ssm:StopAutomationExecution",
                "ssm:GetAutomationExecution"
            ],
            "Resource": [
                "arn:aws-cn:ssm::::automation-execution/"
            ],
            "Effect": "Allow"
        },
        {
            "Action": [
                "lambda:InvokeFunction"
            ],
            "Resource": [
                "arn:aws-cn:lambda:%%AWS_REGION%%:%%AWS_ACCOUNT_ID%%:function:%%CLUSTER_ID%%-*"
            ],
            "Effect": "Allow"
        },
        {
            "Action": [
                "fsx:CreateFileSystem",
                "fsx:TagResource"
            ],
            "Resource": [
                "arn:aws-cn:fsx:%%AWS_REGION%%:%%AWS_ACCOUNT_ID%%:file-system/*"
            ],
            "Effect": "Allow"
        },
        {
            "Condition": {
                "StringLike": {
                    "aws:ResourceTag/soca:ClusterId": "%%CLUSTER_ID%%*"
                }
            },
            "Action": [
                "fsx:DeleteFileSystem"
            ],
            "Resource": [
                "arn:aws-cn:fsx:%%AWS_REGION%%:%%AWS_ACCOUNT_ID%%:file-system/*"
            ],
            "Effect": "Allow"
        },
        {
            "Action": [
                "iam:CreateServiceLinkedRole",
                "iam:AttachRolePolicy",
                "iam:PutRolePolicy"
            ],
            "Resource": [
                "arn:aws-cn:iam::%%AWS_ACCOUNT_ID%%:role/aws-cn-service-role/s3.data-source.lustre.fsx.%%AWS_URL_SUFFIX%%/*",
		        "arn:aws-cn:iam::%%AWS_ACCOUNT_ID%%:role/aws-cn-service-role/autoscaling.%%AWS_URL_SUFFIX%%/*",
		        "arn:aws-cn:iam::%%AWS_ACCOUNT_ID%%:role/aws-cn-service-role/spotfleet.%%AWS_URL_SUFFIX%%/*",
		        "arn:aws-cn:iam::%%AWS_ACCOUNT_ID%%:role/aws-cn-service-role/fsx.%%AWS_URL_SUFFIX%%/*"
            ],
            "Effect": "Allow"
        },
        {
            "Action": [
                "ses:SendEmail"
            ],
            "Resource": [
                "arn:aws-cn:ses:*:%%AWS_ACCOUNT_ID%%:identity/*"
            ],
            "Effect": "Allow"
        },
        {
            "Condition": {
                "ForAllValues:ArnEqualsIfExists": {
                    "ec2:Vpc": "arn:aws-cn:ec2:%%AWS_REGION%%:*:vpc/%%VPC_ID%%"
                }
            },
            "Action": [
                "ds:DescribeDirectories",
                "ec2:CreatePlacementGroup",
                "ec2:DeletePlacementGroup",
                "ec2:RequestSpotFleet",
                "ec2:ModifySpotFleetRequest",
                "ec2:CancelSpotFleetRequests"
            ],
            "Resource": "*",
            "Effect": "Allow"
        },
        {
            "Action": [
                "s3:GetObject",
                "s3:ListBucket",
                "s3:PutObject"
            ],
            "Resource": [
                "arn:aws-cn:s3:::%%BUCKET%%/*",
                "arn:aws-cn:s3:::%%BUCKET%%"
            ],
            "Effect": "Allow"
        },
        {
            "Condition": {
                "ForAllValues:ArnEqualsIfExists": {
                    "ec2:Vpc": "arn:aws-cn:ec2:%%AWS_REGION%%:*:vpc/%%VPC_ID%%"
                }
            },
            "Action": [
                "iam:PassRole",
                "iam:CreateServiceLinkedRole"
            ],
            "Resource": [
                "%%COMPUTE_NODE_ROLE_ARN%%",
                "%%SPOTFLEET_ROLE_ARN%%"
            ],
            "Effect": "Allow"
        }
    ]
}
