{
    "Version": "2012-10-17",
    "Statement": [
        {
            "Action": [
                "logs:CreateLogGroup"
            ],
            "Resource": "arn:aws-cn:logs:%%AWS_REGION%%:%%AWS_ACCOUNT_ID%%:log-group:/aws/lambda/%%CLUSTER_ID%%*",
            "Effect": "Allow",
            "Sid": "CloudWatchLogsPermissions"
        },
        {
            "Action": [
                "logs:CreateLogStream",
                "logs:PutLogEvents",
                "logs:DeleteLogStream"
            ],
            "Resource": "arn:aws-cn:logs:%%AWS_REGION%%:%%AWS_ACCOUNT_ID%%:log-group:/aws/lambda/%%CLUSTER_ID%%*:log-stream:*",
            "Effect": "Allow",
            "Sid": "CloudWatchLogStreamPermissions"
        }
    ]
}